epoch,time,train/box_loss,train/seg_loss,train/cls_loss,train/dfl_loss,train/sem_loss,metrics/precision(B),metrics/recall(B),metrics/mAP50(B),metrics/mAP50-95(B),metrics/precision(M),metrics/recall(M),metrics/mAP50(M),metrics/mAP50-95(M),val/box_loss,val/seg_loss,val/cls_loss,val/dfl_loss,val/sem_loss,lr/pg0,lr/pg1,lr/pg2
1,253.579,2.83237,5.2274,7.25012,2.41769,0,0.00386,0.01587,0.00044,0.00015,0.0004,0.03968,2e-05,0,2.84741,5.25675,8.02021,2.51978,0,0.0006,0.0006,0.0006
2,607.097,2.57615,4.22494,4.42303,2.14386,0,0.00223,0.22222,0.00067,0.00013,0.0004,0.03968,2e-05,0,3.1349,18.5921,9.51797,3.66074,0,0.00124159,0.00124159,0.00124159
3,999.911,2.66687,4.69918,3.90834,2.33163,0,0,0,0,0,0,0,0,0,1.80075,1792.45,7.19973,6.30156,0,0.00185677,0.00185677,0.00185677
4,1388.05,2.61075,4.6816,3.523,2.35286,0,0,0,0,0,0,0,0,0,0,0,0,0,0,0.0018812,0.0018812,0.0018812
5,1785.24,2.77163,5.48342,3.58832,2.44243,0,0,0,0,0,0,0,0,0,4.75597,1.29694e+07,93765.5,4582.05,0,0.0018416,0.0018416,0.0018416
6,2217.73,2.75268,4.58074,3.64035,2.51646,0,0,0,0,0,0,0,0,0,0,0,0,0,0,0.001802,0.001802,0.001802
7,2639.76,2.67499,4.40263,3.30413,2.46942,0,0,0,0,0,0,0,0,0,0,0,0.0124,0,0,0.0017624,0.0017624,0.0017624
8,3018.02,2.54636,4.24832,3.12157,2.3525,0,0,0,0,0,0,0,0,0,3.99568,35106.7,9.34897,25.7999,0,0.0017228,0.0017228,0.0017228
9,3399.88,2.60795,4.04468,2.94844,2.35921,0,0.0011,0.00794,3e-05,1e-05,0,0,0,0,4.82544,4099.9,8.85635,21.6916,0,0.0016832,0.0016832,0.0016832
10,3785.07,2.54584,4.1398,2.89553,2.27194,0,0.0002,0.00794,0,0,0.00014,0.00794,0,0,4.02065,4599.73,607.421,19.605,0,0.0016436,0.0016436,0.0016436
11,4144.67,2.57594,3.99,3.01295,2.34587,0,0.01773,0.12698,0.00511,0.00127,0.00633,0.06349,0.00139,0.00025,3.53805,9.07061,17.4613,4.60493,0,0.001604,0.001604,0.001604
12,4501.76,2.51035,3.89097,2.87594,2.40028,0,0.04224,0.07143,0.01816,0.00488,0.05007,0.07143,0.02053,0.00362,3.13183,5.21715,12.2479,3.12779,0,0.0015644,0.0015644,0.0015644
13,4843.52,2.44535,3.96888,2.79936,2.31077,0,0.02422,0.07937,0.00653,0.0016,0.0317,0.10317,0.00671,0.00152,3.59371,29.8441,5.65274,3.6993,0,0.0015248,0.0015248,0.0015248
14,5182.74,2.51522,3.75986,2.79636,2.24256,0,0.14874,0.19048,0.07806,0.02171,0.09097,0.19048,0.03629,0.00796,3.10571,239.823,2.92396,2.80895,0,0.0014852,0.0014852,0.0014852
15,5415.61,2.42389,3.97036,2.79623,2.2192,0,0.15012,0.12618,0.04991,0.01381,0.08556,0.12698,0.0267,0.00775,3.13998,2104.32,3.08865,3.35314,0,0.0014456,0.0014456,0.0014456
16,5646.56,2.38038,3.96071,2.75361,2.20392,0,0.14564,0.07143,0.03981,0.01039,0.08699,0.07143,0.02213,0.00462,3.35193,975.251,3.43241,3.96735,0,0.001406,0.001406,0.001406
17,5872.69,2.45172,3.78713,2.75886,2.17505,0,0.21055,0.07143,0.05449,0.01384,0.16442,0.07143,0.0234,0.00534,3.48064,6646,2.85087,3.45448,0,0.0013664,0.0013664,0.0013664
18,6095.56,2.37641,4.01772,2.77569,2.18143,0,0.20921,0.11111,0.03815,0.01181,0.16114,0.0873,0.03605,0.00692,3.20203,3019.32,2.72583,3.1259,0,0.0013268,0.0013268,0.0013268
19,6317.16,2.46421,4.10542,2.76458,2.22089,0,0.01683,0.0873,0.00239,0.00073,0.01062,0.05556,0.00135,0.00041,3.66046,60248.9,30.228,26.1336,0,0.0012872,0.0012872,0.0012872
20,6549.71,2.43957,3.75345,2.60783,2.12567,0,0.00073,0.07143,6e-05,1e-05,0.00056,0.05556,3e-05,1e-05,3.99626,4373.24,2168.03,32.1407,0,0.0012476,0.0012476,0.0012476
21,6781.37,2.34409,3.7217,2.73712,2.12419,0,0.09745,0.06349,0.0196,0.00582,0.04402,0.11905,0.01431,0.00347,3.50735,195.53,4.01065,5.48249,0,0.001208,0.001208,0.001208
22,7011.81,2.32517,3.84767,2.77656,2.19165,0,0.04388,0.07937,0.02108,0.00635,0.04621,0.0873,0.01394,0.00306,3.12405,16.0897,3.94384,2.751,0,0.0011684,0.0011684,0.0011684
23,7243.7,2.3755,3.74307,2.70746,2.18351,0,0.1616,0.11111,0.05833,0.01409,0.16941,0.10317,0.06063,0.0129,3.09742,28.2473,3.17553,2.82886,0,0.0011288,0.0011288,0.0011288
24,7475.07,2.30763,3.67549,2.6287,2.20052,0,0.21445,0.18254,0.0805,0.0277,0.28661,0.1746,0.10543,0.02642,2.70081,4.91121,2.72228,2.51587,0,0.0010892,0.0010892,0.0010892
25,7708.32,2.27589,3.5699,2.5667,2.09593,0,0.26948,0.16667,0.08943,0.02551,0.27779,0.15873,0.10084,0.02554,2.61914,3.70746,2.73469,2.35034,0,0.0010496,0.0010496,0.0010496
26,7942.45,2.35008,3.61684,2.49154,2.04258,0,0.14271,0.25397,0.10494,0.03213,0.14145,0.24603,0.10497,0.02742,2.52439,3.44766,2.93952,2.16733,0,0.00101,0.00101,0.00101
27,8184.82,2.25993,3.6908,2.47048,1.99693,0,0.17448,0.24603,0.10455,0.03432,0.17086,0.25397,0.10514,0.02658,2.39395,3.43843,2.94511,2.07565,0,0.0009704,0.0009704,0.0009704
28,8418.73,2.27471,3.6708,2.53011,2.11123,0,0.29917,0.16667,0.1252,0.03751,0.19189,0.15873,0.11666,0.03102,2.31629,3.51092,2.75812,2.00886,0,0.0009308,0.0009308,0.0009308
29,8652.14,2.14481,3.59184,2.5094,2.01418,0,0.20616,0.18138,0.11928,0.03602,0.19612,0.18254,0.11489,0.03002,2.31797,3.48961,3.11565,1.97592,0,0.0008912,0.0008912,0.0008912
30,8868.57,2.20157,3.71158,2.54472,1.9944,0,0.12352,0.2381,0.08434,0.03051,0.12684,0.24603,0.08005,0.02277,2.37672,3.45614,3.2578,1.9825,0,0.0008516,0.0008516,0.0008516
31,9075.63,2.21432,3.55149,2.46844,2.03849,0,0.20958,0.23016,0.11247,0.0345,0.2158,0.21429,0.12104,0.03022,2.40433,3.38872,2.6234,2.12131,0,0.000812,0.000812,0.000812
32,9286.79,2.11759,3.50686,2.408,1.91951,0,0.24267,0.23016,0.13485,0.05005,0.24027,0.2381,0.15565,0.04073,2.25421,3.32542,3.00993,1.89859,0,0.0007724,0.0007724,0.0007724
33,9493.46,2.13142,3.46609,2.36128,1.85521,0,0.23926,0.23016,0.11481,0.03642,0.20076,0.2381,0.11954,0.03014,2.27699,3.30986,2.95575,1.97218,0,0.0007328,0.0007328,0.0007328
34,9696.71,2.10673,3.48276,2.36114,1.89637,0,0.19145,0.22222,0.12662,0.04214,0.19215,0.23016,0.12404,0.03538,2.19626,3.24782,2.66004,1.9147,0,0.0006932,0.0006932,0.0006932
35,9899.89,2.14741,3.43313,2.33688,1.93672,0,0.24433,0.2619,0.15638,0.05024,0.21938,0.24603,0.14702,0.03686,2.15478,3.21948,2.41765,1.85783,0,0.0006536,0.0006536,0.0006536
36,10104.2,2.17376,3.38184,2.22178,1.90599,0,0.30181,0.20635,0.1572,0.05538,0.22874,0.23016,0.15263,0.03752,2.2203,3.18116,2.15904,1.88061,0,0.000614,0.000614,0.000614
37,10310.2,2.00053,3.43844,2.28373,1.88834,0,0.33869,0.26984,0.22849,0.06926,0.30197,0.31746,0.2058,0.04838,2.26694,3.17801,2.2395,1.88807,0,0.0005744,0.0005744,0.0005744
38,10514.9,2.06765,3.30192,2.21492,1.87844,0,0.22501,0.20635,0.16357,0.05246,0.19202,0.29365,0.16383,0.04444,2.21441,3.25121,2.48877,1.89109,0,0.0005348,0.0005348,0.0005348
39,10719.3,2.07382,3.56231,2.20208,1.82588,0,0.25905,0.3254,0.18487,0.06071,0.27519,0.31746,0.20256,0.05445,2.21005,3.15899,2.23909,1.92458,0,0.0004952,0.0004952,0.0004952
40,10924.9,2.06717,3.47765,2.16337,1.85673,0,0.22343,0.28571,0.15524,0.06094,0.29982,0.21429,0.17032,0.05115,2.14413,3.18556,2.14081,1.81946,0,0.0004556,0.0004556,0.0004556
41,11127.6,2.08968,3.50699,2.48093,1.90165,0,0.24971,0.24603,0.16774,0.06226,0.26164,0.23016,0.17736,0.0494,2.22716,3.24714,2.07362,1.85387,0,0.000416,0.000416,0.000416
42,11334.3,2.12267,3.37485,2.0725,1.89432,0,0.30994,0.26984,0.21939,0.07239,0.29865,0.28727,0.20015,0.04841,2.28405,3.26227,2.10212,1.85403,0,0.0003764,0.0003764,0.0003764
43,11538.3,2.00373,3.18636,1.95163,1.76953,0,0.21988,0.29365,0.16432,0.06344,0.22932,0.2619,0.17721,0.04963,2.27675,3.19938,2.06706,1.86573,0,0.0003368,0.0003368,0.0003368
44,11746.1,2.11964,3.24018,1.9423,1.8545,0,0.27988,0.30159,0.22851,0.07671,0.31557,0.23421,0.2146,0.05958,2.21021,3.2101,2.02641,1.87688,0,0.0002972,0.0002972,0.0002972
45,11952.3,2.05159,3.14897,1.87171,1.8054,0,0.39304,0.30952,0.26345,0.08892,0.37693,0.2977,0.22934,0.06363,2.10566,3.21729,2.08741,1.85421,0,0.0002576,0.0002576,0.0002576
46,12155.5,2.02606,3.08405,1.84116,1.82132,0,0.42366,0.2381,0.26495,0.08631,0.38402,0.27778,0.26784,0.07393,2.03692,3.17773,2.2465,1.80397,0,0.000218,0.000218,0.000218
47,12359.8,1.96901,3.22559,1.769,1.77532,0,0.36045,0.26984,0.24615,0.08075,0.31788,0.30159,0.26534,0.07462,2.04896,3.16908,2.1821,1.79363,0,0.0001784,0.0001784,0.0001784
48,12565.4,1.99298,3.23822,1.78702,1.83537,0,0.3698,0.29365,0.27475,0.08405,0.32489,0.28571,0.2708,0.07234,2.07047,3.15679,2.03009,1.7872,0,0.0001388,0.0001388,0.0001388
49,12770.1,1.98708,3.11874,1.75578,1.78062,0,0.36312,0.31746,0.28767,0.08987,0.31138,0.28571,0.27569,0.07381,2.09138,3.1581,1.98737,1.77907,0,9.92e-05,9.92e-05,9.92e-05
50,12978.9,1.96374,3.28568,1.72052,1.74567,0,0.36466,0.34127,0.29325,0.09597,0.40016,0.24887,0.28292,0.07317,2.09865,3.1643,2.00161,1.76653,0,5.96e-05,5.96e-05,5.96e-05
